{"cameraMode":{"drawMode":0,"name":"Shaded","section":"Shading Mode"},"sceneLighting":true,"audioPlay":false,"sceneViewState":{"showFog":true,"showMaterialUpdate":false,"showSkybox":true,"showFlares":true,"showImageEffects":true,"showParticleSystems":true},"in2DMode":false,"pivot":{"x":0.5987644195556641,"y":-3.945122718811035,"z":-2.228396415710449},"rotation":{"x":-0.285797655582428,"y":0.4191904366016388,"z":-0.14093343913555146,"w":-0.8501529693603516},"size":7.080694198608398,"orthographic":false}