{"cameraMode":{"drawMode":0,"name":"Shaded","section":"Shading Mode"},"sceneLighting":true,"audioPlay":false,"sceneViewState":{"showFog":true,"showMaterialUpdate":false,"showSkybox":true,"showFlares":true,"showImageEffects":true,"showParticleSystems":true},"in2DMode":false,"pivot":{"x":6.862761497497559,"y":1.9820985794067383,"z":1.2093238830566407},"rotation":{"x":-0.16871261596679688,"y":-0.057038333266973498,"z":0.009780103340744973,"w":-0.9839708805084229},"size":14.21594524383545,"orthographic":false}