{"cameraMode":{"drawMode":0,"name":"Shaded","section":"Shading Mode"},"sceneLighting":true,"audioPlay":false,"sceneViewState":{"showFog":true,"showMaterialUpdate":false,"showSkybox":true,"showFlares":true,"showImageEffects":true,"showParticleSystems":true},"in2DMode":false,"pivot":{"x":-0.24644452333450318,"y":-0.7821108102798462,"z":-0.575494647026062},"rotation":{"x":-0.2158757746219635,"y":-0.31082573533058169,"z":0.07271505892276764,"w":-0.9227698445320129},"size":4.402176856994629,"orthographic":false}